{"AF": [-0.02020244439048253, 0.29235959235393594, -0.03146405803949239], "AL": [-0.12455868167907168, 0.204667323457939, -0.30777717494849793], "DZ": [-0.054036069105060855, -0.35122583884642894, -0.07691661608857742], "AD": [-0.16934704106876597, 0.38399712753921694, -0.18640191643396595], "AO": [-0.025286186949607697, 0.3979822495622401, -0.09480152309512963], "AI": [0.0619309434276357, 0.11823893613437177, 0.22761613090704808], "AQ": [0.2260542843279971, -0.3058422558355451, 0.29977181891297205], "AG": [-0.03362100126699233, 0.38161784062834614, -0.08885972244525306], "BQ": [-0.15509716245904248, -0.09888122889968547, 0.308557285938658], "SA": [-0.061433850171744214, 0.24651973716798503, 0.2354926415485803], "AR": [0.3588860719914944, -0.6540030775399162, 0.17776584500107914], "AM": [-0.3813283669678626, 0.28058367594651845, -0.19469442915511556], "AW": [-0.16561347055352443, -0.25029610490230014, 0.3444921322989982], "AU": [-0.08887563331369755, 0.2232250246482147, 0.3177079896400758], "AT": [0.4773404091245458, -0.004436977560867217, -0.33690929803080943], "AZ": [-0.12197986583100015, -0.19721426247072052, 0.3709620591931521], "BS": [0.21057037494389438, 0.14339864922050907, 0.34064326826354147], "BH": [-0.11528625090845167, -0.13687210766741587, -0.29954454506431544], "BD": [-0.021030637650205238, 0.14612359144770812, 0.20965890229548798], "BB": [-0.17569352333166477, 0.3344055832487322, 0.1432457623714443], "BE": [-0.05102447549594509, 0.2997849782068177, -0.22115315194610216], "BZ": [-0.05104851540186635, 0.4164479156729411, 0.1536789806180412], "BJ": [-0.07852614996475472, 0.09646132367135862, -0.14664975528689184], "BM": [-0.08763188211769614, 0.0706590816411456, -0.11125706091406506], "BT": [-0.0275894649823497, -0.15797213807745644, -0.3286186159765364], "BY": [0.06228453157970596, 0.1041147070748116, 0.02112516901640674], "BO": [0.3399232400196167, 0.06590310863845251, -0.11497723293968248], "BW": [-0.15309695777573482, -0.3172857265448727, 0.37663607650901343], "BA": [-0.05149552811201565, 0.2939597238002017, 0.13362270119266337], "BR": [0.011558131802138993, -0.033839156386064766, 0.15403699647745686], "BN": [-0.21496644600437279, -0.16495205783228883, -0.31224809353762295], "IO": [-0.035383499265013815, -0.18438436735639982, 0.043568889705325776], "VG": [-0.018851683309166627, 0.15000185322570142, 0.236749339807698], "BF": [0.12039696903798727, 0.04231126366205285, -0.02915661937921568], "BI": [-0.057967232699718915, -0.050961772040853434, -0.10016365450621842], "BG": [-0.6377829688994057, -0.1983566721248222, 0.033230279291983564], "CL": [-0.31794648750729915, -0.13511285652804605, -0.032774702497082864], "CN": [-0.05642867165188344, 0.0838578157337824, -0.24482766432955458], "HR": [0.6503455581805159, 0.012397288032181614, -0.21376183622934875], "CW": [-0.11829949074343707, 0.3069443536521482, 0.29938029030019075], "CY": [-0.06714887674798631, -0.8114666599227356, -0.19684480615896177], "TD": [-0.07851552112127504, 0.35218842477134304, -0.12302728806889762], "ME": [-0.030227724328227068, 0.1639584356374625, -0.2512080406220098], "CZ": [-0.3992930338853796, -0.09771954145915997, -0.04187053465161124], "UM": [-0.07672756840387768, -0.11190017576543017, -0.15681200995994266], "DK": [0.1864852358283588, 0.11985714181978706, -0.2374482745215729], "CD": [0.044109973078299586, -0.07854525146036594, 0.37693165032082937], "DM": [0.12195318019228203, 0.08369445709815326, 0.08990505364059413], "DO": [0.2603439606453016, 0.10378273300845654, -0.1094264471601514], "DJ": [-0.04588230039553701, -0.4349713338932397, 0.23533471722929786], "EG": [0.4983236148269364, 0.10746526722364369, -0.29364007191875957], "EC": [-0.15462996147699165, -0.01800448548641569, -0.24490813429635827], "AE": [0.42222674052327447, 0.058173598349505945, 0.011931970550665985], "ER": [0.06436742538358561, -0.10260992594797748, 0.1364494543921651], "EE": [-0.5650467068570657, -0.1106138450931603, 0.33918525389388515], "ET": [0.08388509398222861, 0.02593490099157156, -0.046876344472362934], "FK": [-0.01612335057689698, 0.08703470633515298, 0.21926183275381855], "FJ": [0.10041022806010362, -0.3934429423532057, 0.2868375897612779], "PH": [-0.16109702930105124, 0.011458897982242295, 0.14931669545931076], "FI": [-0.6310553501259002, -0.364337648851116, 0.05395726698187458], "FR": [-0.023187039522169127, 0.2645797385862276, 0.008985346583625048], "TF": [-0.05857541039995772, -0.012587665764984315, 0.26745405232618646], "GA": [0.38831765034057025, -0.19648987840872106, 0.2585866976484819], "GM": [-0.04704309336919299, 0.2281951581779478, -0.07800641957977292], "GS": [-0.05329882171810946, 0.17622791450362932, 0.2530518716996032], "GH": [0.36277489276300295, 0.10741262834713426, -0.0745175999889525], "GI": [-0.15063485032757587, -0.420525406003604, -0.32880313850332915], "GR": [0.07912803792783298, -0.25610567731531547, 0.20815733870983946], "GD": [-0.23458523721235575, 0.19702210856861324, -0.12378812205612534], "GL": [-0.16126251055496807, -0.37137263520992864, -0.10167150066072626], "GE": [-0.2630211351811944, -0.48076963692697855, -0.31267968886782666], "GU": [-0.04380809747247878, 0.427542545999506, 0.35712653785449755], "GG": [-0.3751511543077935, -0.5363274134801087, -0.1879894440691913], "GY": [0.06086406771092762, -0.09738247003690939, 0.20558623452965238], "GF": [-0.08346397718104674, -0.11571015832644999, -0.012958580882392419], "GP": [-0.17225620772602654, 0.35646434353286294, 0.15035768804833652], "GT": [-0.10719921668510328, -0.36548643388327856, 0.24179993792309482], "GN": [-0.027841762375859218, 0.04704326508657636, 0.02619311713972345], "GW": [0.017367965996872625, 0.05020352446678625, -0.04095915838120655], "GQ": [0.19852270304770994, -0.05029215031712301, -0.21611443107010514], "HT": [-0.19121430841272766, 0.31588107414068856, 0.18314726854739957], "ES": [0.1583041664221676, 0.13935726580198265, -0.2734736677143372], "NL": [0.7220242511261882, -0.056811014318719, -0.06442902552703027], "HN": [0.5393883011254754, -0.516579905246686, 0.40313358171094255], "HK": [0.01611396581312968, 0.1068781505385045, -0.24422571244412428], "IN": [0.41233750640393246, -0.18331076738968527, -0.20421547958101466], "ID": [0.26904480004874776, -0.22705835987606351, -0.3561043306393865], "IQ": [0.4386292925354581, 0.14428983435723342, -0.27548091266188673], "IR": [0.28657225508528894, -0.21694495870363598, -0.22471522982509531], "IE": [0.014391596477881184, -0.17685703333426547, -0.03894374638079775], "IS": [0.2155678560034963, 0.017304357984491838, 0.34006037912669956], "IL": [0.27007883834456853, -0.502074832794408, -0.03366427197360643], "JM": [-0.11017406059837515, 0.21754409587363827, 0.1164294304353057], "JP": [-0.30719526412460246, -0.7734978506036002, -0.1855012955631907], "YE": [0.553081092802464, 0.11597703035703891, -0.28258253441348874], "JE": [0.0025019515107133003, -0.5626121553521681, -0.37793976567756876], "JO": [0.4415486579835845, 0.16194105608640025, 0.01615288713843502], "KY": [-0.03366443468902897, 0.13910837740837834, 0.23490158777016854], "KH": [0.2447736075579232, 0.2290187395143707, 0.2980388665306376], "CM": [-0.029348267900166335, 0.017703103170180232, -0.17777428670030504], "CA": [-0.22956802739265103, -0.06193201376959976, -0.29342410949347425], "QA": [-0.11488223854601286, -0.10010876039717954, -0.08386220123935367], "KZ": [0.011066511440650309, -0.17000866445712692, 0.4720458376022442], "KE": [-0.024045276607764197, 0.3267044451032947, -0.07462319771591813], "KG": [0.009976396238350461, 0.21807312271746526, -0.3441590518157646], "KI": [0.2197173106725918, 0.07140942500963854, -0.1317537610763552], "CO": [-0.13577842618446, 0.10071292683220512, -0.2173300398531864], "KM": [0.09245969006190148, -0.030562082615920565, -0.06802479979816413], "CG": [-0.10894555711270994, 0.06036012167358835, -0.10836938751390275], "KR": [-0.15115778444334677, -0.6808156661808903, -0.1477101587995242], "KP": [0.07260465271369555, 0.020188710991689254, 0.08473064254287904],