{"loss": [0.14565730281174183, 0.12629735842347145, 0.11738114710897207, 0.10354832746088505, 0.08750462718307972, 0.07836633082479239, 0.07317183073610067, 0.0675562173128128, 0.06190189393237233, 0.059221222531050444, 0.054474147502332926, 0.05101416213437915, 0.047802938148379326, 0.047120625618845224, 0.044671745505183935, 0.04254515469074249, 0.04018821660429239, 0.0379916368983686, 0.03674364788457751, 0.03400913276709616, 0.03271193336695433, 0.031103924615308642, 0.028208985226228833, 0.026918230345472693, 0.02650097059085965, 0.02540842816233635, 0.024121770169585943, 0.022743568755686283, 0.022926602978259325, 0.02124543790705502, 0.019749463768675923, 0.01904432149603963, 0.018726260750554502, 0.018407619558274746, 0.01758086495101452, 0.017027701367624104, 0.015235451515763998, 0.015429745079018176, 0.014455357333645225, 0.015525990282185376, 0.014263304066844285, 0.013342064805328846, 0.012479864642955363, 0.011341431178152561, 0.010884541319683194, 0.010908624157309532, 0.009941384312696755, 0.009933085879310966, 0.010114726319443434, 0.009693122061435133, 0.008925262256525457, 0.009093411033973098, 0.00860049994662404, 0.008660514664370567, 0.00787333573680371, 0.007543661049567163, 0.006624795903917402, 0.006130147492513061, 0.00615892035420984, 0.005764062923844904, 0.006823421106673777, 0.006639169645495713, 0.007758284220471978, 0.007083769305609167, 0.0070090602384880185, 0.006955199001822621, 0.005964179697912186, 0.0060008494183421135, 0.005527079396415502, 0.005834459676407278, 0.0064619966433383524, 0.006081634142901748, 0.006412220012862235, 0.005920997296925634, 0.005568087275605649, 0.005160475237062201, 0.005608097359072417, 0.004866240778937936, 0.005470750387758017, 0.0047032289148774, 0.0041011470020748675, 0.004013463738374412, 0.004009771917480975, 0.0039918795228004456, 0.003888021979946643, 0.003751174168428406, 0.0035983258858323097, 0.0035230195499025285, 0.003138392436085269, 0.0031016947177704424, 0.0027860871923621744, 0.002903039683587849, 0.00289797259029001, 0.0028941978816874325, 0.003105548821622506, 0.0032659679127391428, 0.0034426111669745296, 0.003428122407058254, 0.0032002268417272717, 0.00349943435867317], "epochs": [1, 2, 3, 4, 5, 6, 7, 8, 9, 10, 11, 12, 13, 14, 15, 16, 17, 18, 19, 20, 21, 22, 23, 24, 25, 26, 27, 28, 29, 30, 31, 32, 33, 34, 35, 36, 37, 38, 39, 40, 41, 42, 43, 44, 45, 46, 47, 48, 49, 50, 51, 52, 53, 54, 55, 56, 57, 58, 59, 60, 61, 62, 63, 64, 65, 66, 67, 68, 69, 70, 71, 72, 73, 74, 75, 76, 77, 78, 79, 80, 81, 82, 83, 84, 85, 86, 87, 88, 89, 90, 91, 92, 93, 94, 95, 96, 97, 98, 99, 100]}